kind,slug,image,title,description,link,board,tags
calculator,concrete-calculator,concrete-calculator-1000x1500.png,Concrete Calculator — Free Online Tool,"Work out how much ready-mix concrete a slab, footing, or column needs. Free calculator with formula on the page. US and UK units.",https://www.projecthomecalc.com/calculators/construction/concrete-calculator,Concrete & Slab Calculators,concrete calculator; construction calculator; home improvement; diy
calculator,gravel-calculator,gravel-calculator-1000x1500.png,Gravel Calculator — Free Online Tool,"Estimate gravel volume and weight for a driveway, path, or sub-base. Free calculator with formula on the page. US and UK units.",https://www.projecthomecalc.com/calculators/construction/gravel-calculator,Gravel & Driveway Projects,gravel calculator; construction calculator; home improvement; diy
calculator,mulch-calculator,mulch-calculator-1000x1500.png,Mulch Calculator — Free Online Tool,Find out how many bags or cubic yards of mulch a garden bed needs. Free calculator with formula on the page. US and UK units.,https://www.projecthomecalc.com/calculators/landscaping/mulch-calculator,Topsoil & Garden Bed Planning,mulch calculator; landscaping; home improvement; diy
calculator,paint-calculator,paint-calculator-1000x1500.png,Paint Calculator — Free Online Tool,"Estimate how much paint a room needs, based on wall area and coats. Free calculator with formula on the page. US and UK units.",https://www.projecthomecalc.com/calculators/painting/paint-calculator,Paint & Wallpaper Calculators,paint calculator; home improvement; diy
calculator,flooring-calculator,flooring-calculator-1000x1500.png,Flooring Calculator — Free Online Tool,"Work out how many boxes of flooring to buy for a room, with waste included. Free calculator with formula on the page. US and UK units.",https://www.projecthomecalc.com/calculators/flooring/flooring-calculator,Flooring & Tile Planning,flooring calculator; home improvement; diy
calculator,decking-calculator,decking-calculator-1000x1500.png,Decking Calculator — Free Online Tool,Estimate how many deck boards you need for a given deck area. Free calculator with formula on the page. US and UK units.,https://www.projecthomecalc.com/calculators/deck-fence/decking-calculator,Decking & Fence Projects,fence calculator; decking calculator; home improvement; diy
calculator,roofing-calculator,roofing-calculator-1000x1500.png,Roofing Calculator — Free Online Tool,"Estimate roof area, squares, and shingle bundles from a plan footprint and pitch. Free calculator with formula on the page. US and UK units.",https://www.projecthomecalc.com/calculators/roofing/roofing-calculator,Roofing Estimates,roofing calculator; home improvement; diy
calculator,drywall-calculator,drywall-calculator-1000x1500.png,Drywall Calculator — Free Online Tool,"Work out how many plasterboard or drywall sheets a room needs, including the ceiling. Free calculator with formula on the page. US and UK units.",https://www.projecthomecalc.com/calculators/home-improvement/drywall-calculator,Home Renovation Budgeting,drywall calculator; home improvement; diy
calculator,cost-estimator,cost-estimator-1000x1500.png,Project Cost Estimator — Free Online Tool,"Roll materials, labor, delivery, waste, and optional markup into a planning total. Free calculator with formula on the page. US and UK units.",https://www.projecthomecalc.com/calculators/cost-estimation/cost-estimator,Home Renovation Budgeting,home improvement; diy
calculator,sand-calculator,sand-calculator-1000x1500.png,Sand Calculator — Free Online Tool,"Volume and weight for paver bedding, sandboxes, and screed layers. Free calculator with formula on the page. US and UK units.",https://www.projecthomecalc.com/calculators/construction/sand-calculator,Concrete & Slab Calculators,sand calculator; paver calculator; construction calculator; home improvement; diy
calculator,concrete-bag-calculator,concrete-bag-calculator-1000x1500.png,Concrete Bag Calculator — Free Online Tool,"Bag counts for 60 lb, 80 lb, or 25 kg concrete on small pours. Free calculator with formula on the page. US and UK units.",https://www.projecthomecalc.com/calculators/construction/concrete-bag-calculator,Concrete & Slab Calculators,concrete calculator; construction calculator; home improvement; diy
calculator,tile-calculator,tile-calculator-1000x1500.png,Tile Calculator — Free Online Tool,Tile count and box quantity from room area and tile size. Free calculator with formula on the page. US and UK units.,https://www.projecthomecalc.com/calculators/flooring/tile-calculator,Flooring & Tile Planning,flooring calculator; tile calculator; home improvement; diy
calculator,brick-calculator,brick-calculator-1000x1500.png,Brick Calculator — Free Online Tool,Brick count and rough mortar for a straight wall. Free calculator with formula on the page. US and UK units.,https://www.projecthomecalc.com/calculators/construction/brick-calculator,Concrete & Slab Calculators,brick calculator; construction calculator; home improvement; diy
calculator,paint-cost-calculator,paint-cost-calculator-1000x1500.png,Paint Cost Calculator — Free Online Tool,Materials plus labour for painting a room's walls. Free calculator with formula on the page. US and UK units.,https://www.projecthomecalc.com/calculators/painting/paint-cost-calculator,Paint & Wallpaper Calculators,paint calculator; home improvement; diy
calculator,gravel-cost-calculator,gravel-cost-calculator-1000x1500.png,Gravel Cost Calculator — Free Online Tool,Gravel tonnage with material and delivery cost. Free calculator with formula on the page. US and UK units.,https://www.projecthomecalc.com/calculators/construction/gravel-cost-calculator,Gravel & Driveway Projects,gravel calculator; construction calculator; home improvement; diy
calculator,concrete-cost-calculator,concrete-cost-calculator-1000x1500.png,Concrete Cost Calculator — Free Online Tool,"Ready-mix volume with materials, labour, and pump fees. Free calculator with formula on the page. US and UK units.",https://www.projecthomecalc.com/calculators/construction/concrete-cost-calculator,Concrete & Slab Calculators,concrete calculator; construction calculator; home improvement; diy
calculator,insulation-calculator,insulation-calculator-1000x1500.png,Insulation Calculator — Free Online Tool,Batt roll count from wall or ceiling area. Free calculator with formula on the page. US and UK units.,https://www.projecthomecalc.com/calculators/home-improvement/insulation-calculator,Home Renovation Budgeting,insulation calculator; home improvement; diy
calculator,fence-calculator,fence-calculator-1000x1500.png,Fence Calculator — Free Online Tool,"Panel, post, and rail counts for a straight fence run. Free calculator with formula on the page. US and UK units.",https://www.projecthomecalc.com/calculators/deck-fence/fence-calculator,Decking & Fence Projects,fence calculator; home improvement; diy
calculator,paver-calculator,paver-calculator-1000x1500.png,Paver Calculator — Free Online Tool,Paver count and sand bedding for a rectangular patio. Free calculator with formula on the page. US and UK units.,https://www.projecthomecalc.com/calculators/landscaping/paver-calculator,Topsoil & Garden Bed Planning,sand calculator; paver calculator; landscaping; home improvement; diy
calculator,topsoil-calculator,topsoil-calculator-1000x1500.png,Topsoil Calculator — Free Online Tool,Cubic yards or metres of topsoil from bed area and depth. Free calculator with formula on the page. US and UK units.,https://www.projecthomecalc.com/calculators/landscaping/topsoil-calculator,Topsoil & Garden Bed Planning,topsoil calculator; landscaping; home improvement; diy
calculator,wallpaper-calculator,wallpaper-calculator-1000x1500.png,Wallpaper Calculator — Free Online Tool,"Wallpaper roll count from room size, openings, and pattern match waste. Free calculator with formula on the page. US and UK units.",https://www.projecthomecalc.com/calculators/painting/wallpaper-calculator,Paint & Wallpaper Calculators,paint calculator; wallpaper calculator; home improvement; diy
guide,how-much-does-a-concrete-patio-cost,how-much-does-a-concrete-patio-cost-1000x1500.png,How Much Does a Concrete Patio Cost?,"A practical breakdown of concrete patio pricing — volume, sub-base, labour, finish, and how to sanity-check a contractor quote. Free guide from Project Home Calc.",https://www.projecthomecalc.com/guides/how-much-does-a-concrete-patio-cost,Concrete & Slab Calculators,concrete calculator; home improvement; diy
guide,planning-a-home-improvement-budget,planning-a-home-improvement-budget-1000x1500.png,How to Budget a Home Improvement Project,"Build a renovation budget from materials you can calculate, labour you can quote, and a contingency you refuse to spend on upgrades. Free guide from Project Home Calc.",https://www.projecthomecalc.com/guides/planning-a-home-improvement-budget,Home Renovation Budgeting,home improvement; diy
guide,how-much-paint-for-a-room,how-much-paint-for-a-room-1000x1500.png,How Much Paint Do You Need for a Room?,"Measure wall area correctly, choose coats and coverage, and convert that into US gallons or UK litres without short-ordering mid-wall. Free guide from Project Home Calc.",https://www.projecthomecalc.com/guides/how-much-paint-for-a-room,Paint & Wallpaper Calculators,paint calculator; home improvement; diy
guide,how-to-estimate-roofing-materials,how-to-estimate-roofing-materials-1000x1500.png,How to Estimate Roofing Materials from the Ground,"Turn building footprint and pitch into roof squares, bundles, or tile packs — with waste — without pretending the result replaces a roofer’s takeoff. Free guide from Project Home Calc.",https://www.projecthomecalc.com/guides/how-to-estimate-roofing-materials,Roofing Estimates,roofing calculator; tile calculator; home improvement; diy
guide,how-much-gravel-for-a-driveway,how-much-gravel-for-a-driveway-1000x1500.png,How Much Gravel Do You Need for a Driveway?,"Convert length, width, and depth into tonnes or cubic yards, plus a practical waste allowance for compaction and uneven ground. Free guide from Project Home Calc.",https://www.projecthomecalc.com/guides/how-much-gravel-for-a-driveway,Gravel & Driveway Projects,gravel calculator; home improvement; diy
guide,how-much-mulch-do-you-need,how-much-mulch-do-you-need-1000x1500.png,How Much Mulch Do You Need for Garden Beds?,"A clear method for bed area, depth, bags versus bulk delivery, and when to refresh an existing mulch layer. Free guide from Project Home Calc.",https://www.projecthomecalc.com/guides/how-much-mulch-do-you-need,Topsoil & Garden Bed Planning,mulch calculator; home improvement; diy
guide,how-to-estimate-flooring-with-waste,how-to-estimate-flooring-with-waste-1000x1500.png,How to Estimate Flooring Materials With Waste Allowance,"Measure rooms correctly, choose a waste percentage for layout and cuts, and avoid short-ordering plank or tile packs. Free guide from Project Home Calc.",https://www.projecthomecalc.com/guides/how-to-estimate-flooring-with-waste,Flooring & Tile Planning,flooring calculator; tile calculator; home improvement; diy
guide,how-much-drywall-for-a-room,how-much-drywall-for-a-room-1000x1500.png,How Much Drywall Do You Need for a Room?,"Wall and ceiling sheet counts, standard board sizes, and why openings and waste still matter on a simple rectangle. Free guide from Project Home Calc.",https://www.projecthomecalc.com/guides/how-much-drywall-for-a-room,DIY Measuring Tips,drywall calculator; home improvement; diy
guide,how-to-estimate-decking-boards,how-to-estimate-decking-boards-1000x1500.png,How to Estimate Decking Boards and Framing Basics,"Turn deck length and width into board count with gap spacing, and know what the board calculator does not include. Free guide from Project Home Calc.",https://www.projecthomecalc.com/guides/how-to-estimate-decking-boards,Decking & Fence Projects,decking calculator; home improvement; diy
guide,concrete-slab-thickness-what-matters,concrete-slab-thickness-what-matters-1000x1500.png,Patio vs Driveway Concrete Thickness,"Why patio, shed, and driveway slabs use different thicknesses — and how thickness multiplies your concrete volume. Free guide from Project Home Calc.",https://www.projecthomecalc.com/guides/concrete-slab-thickness-what-matters,Gravel & Driveway Projects,concrete calculator; home improvement; diy
guide,how-to-compare-contractor-quotes,how-to-compare-contractor-quotes-1000x1500.png,How to Compare Contractor Quotes Side by Side,"Line up materials vs labour, allowances, and exclusions — use your own quantity checks against lump sums. Free guide from Project Home Calc.",https://www.projecthomecalc.com/guides/how-to-compare-contractor-quotes,Home Renovation Budgeting,home improvement; diy
guide,waste-factors-explained,waste-factors-explained-1000x1500.png,Waste Factors Explained for DIY Material Orders,"Why calculators add waste, typical ranges by material, and how to avoid both short orders and expensive overbuying. Free guide from Project Home Calc.",https://www.projecthomecalc.com/guides/waste-factors-explained,Home Renovation Budgeting,home improvement; diy
guide,interior-painting-cost-breakdown,interior-painting-cost-breakdown-1000x1500.png,Interior Painting Cost: Materials vs Labour,"Separate paint quantity from labour time, prep, and extras so an interior painting quote is easier to read. Free guide from Project Home Calc.",https://www.projecthomecalc.com/guides/interior-painting-cost-breakdown,Paint & Wallpaper Calculators,paint calculator; home improvement; diy
guide,patio-base-gravel-before-concrete,patio-base-gravel-before-concrete-1000x1500.png,Why Patio Bases Need Gravel Before Concrete,How sub-base depth affects stability and how to estimate gravel and concrete as two separate material lines. Free guide from Project Home Calc.,https://www.projecthomecalc.com/guides/patio-base-gravel-before-concrete,Gravel & Driveway Projects,gravel calculator; concrete calculator; home improvement; diy
guide,us-uk-units-for-home-projects,us-uk-units-for-home-projects-1000x1500.png,US and UK Units on the Same Project,"Feet vs metres, gallons vs litres — keep one system per calculation so orders don’t go wrong. Free guide from Project Home Calc.",https://www.projecthomecalc.com/guides/us-uk-units-for-home-projects,Home Renovation Budgeting,home improvement; diy
guide,planning-a-small-bathroom-refit-budget,planning-a-small-bathroom-refit-budget-1000x1500.png,Planning a Small Bathroom Refit Budget,"Sequence waterproofing, labour, and finishes so a small bathroom budget survives demolition surprises. Free guide from Project Home Calc.",https://www.projecthomecalc.com/guides/planning-a-small-bathroom-refit-budget,Home Renovation Budgeting,roofing calculator; home improvement; diy
guide,how-many-bags-of-concrete-for-a-slab,how-many-bags-of-concrete-for-a-slab-1000x1500.png,How Many Bags of Concrete for a Slab?,Bag counts for common slab sizes — when bag mix makes sense and when to call the truck instead. Free guide from Project Home Calc.,https://www.projecthomecalc.com/guides/how-many-bags-of-concrete-for-a-slab,Concrete & Slab Calculators,concrete calculator; home improvement; diy
guide,planning-a-paver-patio-base,planning-a-paver-patio-base-1000x1500.png,Planning a Paver Patio Base,"Gravel sub-base, sand bedding, and paver counts — the three layers in order. Free guide from Project Home Calc.",https://www.projecthomecalc.com/guides/planning-a-paver-patio-base,Topsoil & Garden Bed Planning,gravel calculator; sand calculator; paver calculator; home improvement; diy
guide,how-many-tiles-for-a-bathroom-floor,how-many-tiles-for-a-bathroom-floor-1000x1500.png,How Many Tiles for a Bathroom Floor?,"Measure a bathroom floor, pick a waste factor, and order boxes without a surplus pallet sitting in the garage. Free guide from Project Home Calc.",https://www.projecthomecalc.com/guides/how-many-tiles-for-a-bathroom-floor,Flooring & Tile Planning,tile calculator; home improvement; diy
guide,fence-materials-for-a-straight-run,fence-materials-for-a-straight-run-1000x1500.png,Fence Materials for a Straight Run,"Panels, posts, and rails from a single fence length — before you buy the wrong kit. Free guide from Project Home Calc.",https://www.projecthomecalc.com/guides/fence-materials-for-a-straight-run,Decking & Fence Projects,fence calculator; home improvement; diy
guide,how-much-topsoil-do-you-need,how-much-topsoil-do-you-need-1000x1500.png,How Much Topsoil Do You Need?,"Turn bed or lawn measurements into cubic yards or metres — depths for new beds vs topdressing, bags vs bulk, and what topsoil calculators leave out. Free guide from Project Home Calc.",https://www.projecthomecalc.com/guides/how-much-topsoil-do-you-need,Topsoil & Garden Bed Planning,topsoil calculator; home improvement; diy
guide,how-many-wallpaper-rolls-for-a-room,how-many-wallpaper-rolls-for-a-room-1000x1500.png,How Many Wallpaper Rolls for a Room?,"Measure walls the way a paperhanger does — openings, pattern match, roll coverage — and stop guessing from floor area alone. Free guide from Project Home Calc.",https://www.projecthomecalc.com/guides/how-many-wallpaper-rolls-for-a-room,Paint & Wallpaper Calculators,wallpaper calculator; home improvement; diy
guide,ready-mix-vs-bagged-concrete,ready-mix-vs-bagged-concrete-1000x1500.png,Ready-Mix vs Bagged Concrete: Which Should You Order?,"An honest break-even around one cubic yard — labour time, short-load fees, colour consistency, and when bags beat a truck for posts and small pads. Free guide from Project Home Calc.",https://www.projecthomecalc.com/guides/ready-mix-vs-bagged-concrete,Concrete & Slab Calculators,concrete calculator; home improvement; diy
guide,how-to-measure-a-room-for-materials,how-to-measure-a-room-for-materials-1000x1500.png,"How to Measure a Room for Paint, Flooring, and Wallpaper","Practical tape-measure steps for walls vs floors, openings, L-shapes, ceiling height mistakes, and when a quick sketch saves a wrong order. Free guide from Project Home Calc.",https://www.projecthomecalc.com/guides/how-to-measure-a-room-for-materials,Paint & Wallpaper Calculators,paint calculator; flooring calculator; wallpaper calculator; home improvement; diy
guide,how-much-sand-for-a-paver-bed,how-much-sand-for-a-paver-bed-1000x1500.png,How Much Sand Do You Need for a Paver Bed?,Work out bedding-sand volume for patios and paths without confusing the thin setting bed with the compacted gravel base. Free guide from Project Home Calc.,https://www.projecthomecalc.com/guides/how-much-sand-for-a-paver-bed,Topsoil & Garden Bed Planning,gravel calculator; sand calculator; paver calculator; home improvement; diy
guide,how-many-bricks-for-a-garden-wall,how-many-bricks-for-a-garden-wall-1000x1500.png,How Many Bricks Do You Need for a Garden Wall?,"Estimate bricks from wall area, thickness, openings, piers, cuts, and waste, with worked examples for US and UK brick sizes. Free guide from Project Home Calc.",https://www.projecthomecalc.com/guides/how-many-bricks-for-a-garden-wall,Topsoil & Garden Bed Planning,brick calculator; home improvement; diy
guide,how-much-insulation-for-a-room,how-much-insulation-for-a-room-1000x1500.png,How Much Insulation Do You Need for a Room?,"Measure wall and ceiling cavities, choose the correct insulation width and R-value, and convert area into batts, rolls, or board packs. Free guide from Project Home Calc.",https://www.projecthomecalc.com/guides/how-much-insulation-for-a-room,DIY Measuring Tips,insulation calculator; home improvement; diy
guide,concrete-for-fence-posts,concrete-for-fence-posts-1000x1500.png,How Much Concrete Do You Need for Fence Posts?,"Calculate concrete per post hole, convert total volume into bags, and avoid common mistakes with hole shape, drainage, and gate posts. Free guide from Project Home Calc.",https://www.projecthomecalc.com/guides/concrete-for-fence-posts,Decking & Fence Projects,concrete calculator; fence calculator; home improvement; diy
guide,driveway-concrete-thickness-and-cost,driveway-concrete-thickness-and-cost-1000x1500.png,Driveway Concrete Thickness and Cost,"Choose a realistic driveway slab thickness, calculate concrete and base quantities, and build a cost estimate that includes more than the pour. Free guide from Project Home Calc.",https://www.projecthomecalc.com/guides/driveway-concrete-thickness-and-cost,Gravel & Driveway Projects,concrete calculator; home improvement; diy
guide,exterior-house-painting-quantity,exterior-house-painting-quantity-1000x1500.png,How Much Paint Do You Need for a House Exterior?,"Measure siding, trim, doors, and gables; apply realistic coverage and coat counts; and turn gallons or litres into a usable paint order. Free guide from Project Home Calc.",https://www.projecthomecalc.com/guides/exterior-house-painting-quantity,Paint & Wallpaper Calculators,paint calculator; home improvement; diy
guide,how-to-read-a-roofing-square,how-to-read-a-roofing-square-1000x1500.png,How to Read a Roofing Square,"Understand the 100-square-foot roofing square, convert roof measurements into material orders, and account for pitch, waste, ridges, and bundles. Free guide from Project Home Calc.",https://www.projecthomecalc.com/guides/how-to-read-a-roofing-square,Roofing Estimates,roofing calculator; home improvement; diy
guide,mortar-quantities-for-brickwork,mortar-quantities-for-brickwork-1000x1500.png,Mortar Quantities for Brickwork,"Estimate wet mortar, cement, and sand for brick walls while accounting for brick size, wall thickness, joint profile, waste, and small batches. Free guide from Project Home Calc.",https://www.projecthomecalc.com/guides/mortar-quantities-for-brickwork,Concrete & Slab Calculators,sand calculator; brick calculator; home improvement; diy
guide,how-much-drywall-mud-and-tape,how-much-drywall-mud-and-tape-1000x1500.png,How Much Drywall Mud and Tape Do You Need?,"Estimate joint compound and tape from sheet count, seam layout, corners, finish level, and product type without treating every room alike. Free guide from Project Home Calc.",https://www.projecthomecalc.com/guides/how-much-drywall-mud-and-tape,DIY Measuring Tips,drywall calculator; home improvement; diy
guide,estimating-deck-joist-spacing-basics,estimating-deck-joist-spacing-basics-1000x1500.png,Estimating Deck Joist Spacing: The Basics,"Understand how decking material, board direction, loads, spans, and local code affect joist spacing before preparing a framing takeoff. Free guide from Project Home Calc.",https://www.projecthomecalc.com/guides/estimating-deck-joist-spacing-basics,Decking & Fence Projects,decking calculator; home improvement; diy
guide,gravel-vs-crushed-stone-for-driveways,gravel-vs-crushed-stone-for-driveways-1000x1500.png,Gravel vs Crushed Stone for Driveways,"Compare rounded gravel, angular crushed stone, crusher run, and decorative surface products by compaction, drainage, maintenance, and quantity. Free guide from Project Home Calc.",https://www.projecthomecalc.com/guides/gravel-vs-crushed-stone-for-driveways,Gravel & Driveway Projects,gravel calculator; home improvement; diy
guide,how-to-read-a-paint-coverage-label,how-to-read-a-paint-coverage-label-1000x1500.png,How to Read a Paint Coverage Label,"Turn a paint label's spread rate, coat guidance, container size, and surface notes into a realistic room order in gallons or litres. Free guide from Project Home Calc.",https://www.projecthomecalc.com/guides/how-to-read-a-paint-coverage-label,Paint & Wallpaper Calculators,paint calculator; home improvement; diy
