Title,Media URL,Pinterest board,Thumbnail,Description,Link,Publish date,Keywords
How Much Mulch Do You Need for Garden Beds?,https://www.projecthomecalc.com/pinterest/how-much-mulch-do-you-need-1000x1500.png,Topsoil & Garden Bed Planning,,"A clear method for bed area, depth, bags versus bulk delivery, and when to refresh an existing mulch layer. Free guide from Project Home Calc.",https://www.projecthomecalc.com/guides/how-much-mulch-do-you-need,2026-10-06T14:00:00,"mulch calculator, home improvement, diy"
How Much Topsoil Do You Need?,https://www.projecthomecalc.com/pinterest/how-much-topsoil-do-you-need-1000x1500.png,Topsoil & Garden Bed Planning,,"Turn bed or lawn measurements into cubic yards or metres - depths for new beds vs topdressing, bags vs bulk, and what topsoil calculators leave out. Free guide from Project Home Calc.",https://www.projecthomecalc.com/guides/how-much-topsoil-do-you-need,2026-10-06T15:00:00,"topsoil calculator, home improvement, diy"
Mulch Calculator - Free Online Tool,https://www.projecthomecalc.com/pinterest/mulch-calculator-1000x1500.png,Topsoil & Garden Bed Planning,,Find out how many bags or cubic yards of mulch a garden bed needs. Free calculator with formula on the page. US and UK units.,https://www.projecthomecalc.com/calculators/landscaping/mulch-calculator,2026-10-06T20:00:00,"mulch calculator, landscaping, home improvement, diy"
Topsoil Calculator - Free Online Tool,https://www.projecthomecalc.com/pinterest/topsoil-calculator-1000x1500.png,Topsoil & Garden Bed Planning,,Cubic yards or metres of topsoil from bed area and depth. Free calculator with formula on the page. US and UK units.,https://www.projecthomecalc.com/calculators/landscaping/topsoil-calculator,2026-10-06T21:00:00,"topsoil calculator, landscaping, home improvement, diy"
Driveway Concrete Thickness and Cost,https://www.projecthomecalc.com/pinterest/driveway-concrete-thickness-and-cost-1000x1500.png,Gravel & Driveway Projects,,"Choose a realistic driveway slab thickness, calculate concrete and base quantities, and build a cost estimate that includes more than the pour. Free guide from Project Home Calc.",https://www.projecthomecalc.com/guides/driveway-concrete-thickness-and-cost,2026-10-07T14:00:00,"concrete calculator, home improvement, diy"
Gravel Calculator - Free Online Tool,https://www.projecthomecalc.com/pinterest/gravel-calculator-1000x1500.png,Gravel & Driveway Projects,,"Estimate gravel volume and weight for a driveway, path, or sub-base. Free calculator with formula on the page. US and UK units.",https://www.projecthomecalc.com/calculators/construction/gravel-calculator,2026-10-07T15:00:00,"gravel calculator, home improvement, diy"
Gravel Cost Calculator - Free Online Tool,https://www.projecthomecalc.com/pinterest/gravel-cost-calculator-1000x1500.png,Gravel & Driveway Projects,,Gravel tonnage with material and delivery cost. Free calculator with formula on the page. US and UK units.,https://www.projecthomecalc.com/calculators/construction/gravel-cost-calculator,2026-10-07T20:00:00,"gravel calculator, home improvement, diy"
Gravel vs Crushed Stone for Driveways,https://www.projecthomecalc.com/pinterest/gravel-vs-crushed-stone-for-driveways-1000x1500.png,Gravel & Driveway Projects,,"Compare rounded gravel, angular crushed stone, crusher run, and decorative surface products by compaction, drainage, maintenance, and quantity. Free guide from Project Home Calc.",https://www.projecthomecalc.com/guides/gravel-vs-crushed-stone-for-driveways,2026-10-07T21:00:00,"gravel calculator, home improvement, diy"
How Much Gravel Do You Need for a Driveway?,https://www.projecthomecalc.com/pinterest/how-much-gravel-for-a-driveway-1000x1500.png,Gravel & Driveway Projects,,"Convert length, width, and depth into tonnes or cubic yards, plus a practical waste allowance for compaction and uneven ground. Free guide from Project Home Calc.",https://www.projecthomecalc.com/guides/how-much-gravel-for-a-driveway,2026-10-08T14:00:00,"gravel calculator, home improvement, diy"
Why Patio Bases Need Gravel Before Concrete,https://www.projecthomecalc.com/pinterest/patio-base-gravel-before-concrete-1000x1500.png,Gravel & Driveway Projects,,How sub-base depth affects stability and how to estimate gravel and concrete as two separate material lines. Free guide from Project Home Calc.,https://www.projecthomecalc.com/guides/patio-base-gravel-before-concrete,2026-10-08T15:00:00,"gravel calculator, concrete calculator, home improvement, diy"
Brick Calculator - Free Online Tool,https://www.projecthomecalc.com/pinterest/brick-calculator-1000x1500.png,Concrete & Slab Calculators,,Brick count and rough mortar for a straight wall. Free calculator with formula on the page. US and UK units.,https://www.projecthomecalc.com/calculators/construction/brick-calculator,2026-10-08T20:00:00,"brick calculator, home improvement, diy"
Concrete Bag Calculator - Free Online Tool,https://www.projecthomecalc.com/pinterest/concrete-bag-calculator-1000x1500.png,Concrete & Slab Calculators,,"Bag counts for 60 lb, 80 lb, or 25 kg concrete on small pours. Free calculator with formula on the page. US and UK units.",https://www.projecthomecalc.com/calculators/construction/concrete-bag-calculator,2026-10-08T21:00:00,"concrete calculator, home improvement, diy"
Concrete Calculator - Free Online Tool,https://www.projecthomecalc.com/pinterest/concrete-calculator-1000x1500.png,Concrete & Slab Calculators,,"Work out how much ready-mix concrete a slab, footing, or column needs. Free calculator with formula on the page. US and UK units.",https://www.projecthomecalc.com/calculators/construction/concrete-calculator,2026-10-09T14:00:00,"concrete calculator, home improvement, diy"
Concrete Cost Calculator - Free Online Tool,https://www.projecthomecalc.com/pinterest/concrete-cost-calculator-1000x1500.png,Concrete & Slab Calculators,,"Ready-mix volume with materials, labour, and pump fees. Free calculator with formula on the page. US and UK units.",https://www.projecthomecalc.com/calculators/construction/concrete-cost-calculator,2026-10-09T15:00:00,"concrete calculator, home improvement, diy"
How Many Bags of Concrete for a Slab?,https://www.projecthomecalc.com/pinterest/how-many-bags-of-concrete-for-a-slab-1000x1500.png,Concrete & Slab Calculators,,Bag counts for common slab sizes - when bag mix makes sense and when to call the truck instead. Free guide from Project Home Calc.,https://www.projecthomecalc.com/guides/how-many-bags-of-concrete-for-a-slab,2026-10-09T20:00:00,"concrete calculator, home improvement, diy"
How Many Bricks Do You Need for a Garden Wall?,https://www.projecthomecalc.com/pinterest/how-many-bricks-for-a-garden-wall-1000x1500.png,Topsoil & Garden Bed Planning,,"Estimate bricks from wall area, thickness, openings, piers, cuts, and waste, with worked examples for US and UK brick sizes. Free guide from Project Home Calc.",https://www.projecthomecalc.com/guides/how-many-bricks-for-a-garden-wall,2026-10-09T21:00:00,"brick calculator, home improvement, diy"
How Much Concrete Do You Need for Fence Posts?,https://www.projecthomecalc.com/pinterest/concrete-for-fence-posts-1000x1500.png,Decking & Fence Projects,,"Calculate concrete per post hole, convert total volume into bags, and avoid common mistakes with hole shape, drainage, and gate posts. Free guide from Project Home Calc.",https://www.projecthomecalc.com/guides/concrete-for-fence-posts,2026-10-10T14:00:00,"concrete calculator, fence calculator, home improvement, diy"
How Much Does a Concrete Patio Cost?,https://www.projecthomecalc.com/pinterest/how-much-does-a-concrete-patio-cost-1000x1500.png,Concrete & Slab Calculators,,"A practical breakdown of concrete patio pricing - volume, sub-base, labour, finish, and how to sanity-check a contractor quote. Free guide from Project Home Calc.",https://www.projecthomecalc.com/guides/how-much-does-a-concrete-patio-cost,2026-10-10T15:00:00,"concrete calculator, home improvement, diy"
How Much Sand Do You Need for a Paver Bed?,https://www.projecthomecalc.com/pinterest/how-much-sand-for-a-paver-bed-1000x1500.png,Topsoil & Garden Bed Planning,,Work out bedding-sand volume for patios and paths without confusing the thin setting bed with the compacted gravel base. Free guide from Project Home Calc.,https://www.projecthomecalc.com/guides/how-much-sand-for-a-paver-bed,2026-10-10T20:00:00,"gravel calculator, sand calculator, paver calculator, home improvement, diy"
Mortar Quantities for Brickwork,https://www.projecthomecalc.com/pinterest/mortar-quantities-for-brickwork-1000x1500.png,Concrete & Slab Calculators,,"Estimate wet mortar, cement, and sand for brick walls while accounting for brick size, wall thickness, joint profile, waste, and small batches. Free guide from Project Home Calc.",https://www.projecthomecalc.com/guides/mortar-quantities-for-brickwork,2026-10-10T21:00:00,"sand calculator, brick calculator, home improvement, diy"
Patio vs Driveway Concrete Thickness,https://www.projecthomecalc.com/pinterest/concrete-slab-thickness-what-matters-1000x1500.png,Gravel & Driveway Projects,,"Why patio, shed, and driveway slabs use different thicknesses - and how thickness multiplies your concrete volume. Free guide from Project Home Calc.",https://www.projecthomecalc.com/guides/concrete-slab-thickness-what-matters,2026-10-11T14:00:00,"concrete calculator, home improvement, diy"
Paver Calculator - Free Online Tool,https://www.projecthomecalc.com/pinterest/paver-calculator-1000x1500.png,Topsoil & Garden Bed Planning,,Paver count and sand bedding for a rectangular patio. Free calculator with formula on the page. US and UK units.,https://www.projecthomecalc.com/calculators/landscaping/paver-calculator,2026-10-11T15:00:00,"sand calculator, paver calculator, landscaping, home improvement, diy"
Planning a Paver Patio Base,https://www.projecthomecalc.com/pinterest/planning-a-paver-patio-base-1000x1500.png,Topsoil & Garden Bed Planning,,"Gravel sub-base, sand bedding, and paver counts - the three layers in order. Free guide from Project Home Calc.",https://www.projecthomecalc.com/guides/planning-a-paver-patio-base,2026-10-11T20:00:00,"gravel calculator, sand calculator, paver calculator, home improvement, diy"
Ready-Mix vs Bagged Concrete: Which Should You Order?,https://www.projecthomecalc.com/pinterest/ready-mix-vs-bagged-concrete-1000x1500.png,Concrete & Slab Calculators,,"An honest break-even around one cubic yard - labour time, short-load fees, colour consistency, and when bags beat a truck for posts and small pads. Free guide from Project Home Calc.",https://www.projecthomecalc.com/guides/ready-mix-vs-bagged-concrete,2026-10-11T21:00:00,"concrete calculator, home improvement, diy"
Sand Calculator - Free Online Tool,https://www.projecthomecalc.com/pinterest/sand-calculator-1000x1500.png,Concrete & Slab Calculators,,"Volume and weight for paver bedding, sandboxes, and screed layers. Free calculator with formula on the page. US and UK units.",https://www.projecthomecalc.com/calculators/construction/sand-calculator,2026-10-12T14:00:00,"sand calculator, paver calculator, home improvement, diy"
How Many Wallpaper Rolls for a Room?,https://www.projecthomecalc.com/pinterest/how-many-wallpaper-rolls-for-a-room-1000x1500.png,Paint & Wallpaper Calculators,,"Measure walls the way a paperhanger does - openings, pattern match, roll coverage - and stop guessing from floor area alone. Free guide from Project Home Calc.",https://www.projecthomecalc.com/guides/how-many-wallpaper-rolls-for-a-room,2026-10-12T15:00:00,"wallpaper calculator, home improvement, diy"
How Much Paint Do You Need for a House Exterior?,https://www.projecthomecalc.com/pinterest/exterior-house-painting-quantity-1000x1500.png,Paint & Wallpaper Calculators,,"Measure siding, trim, doors, and gables; apply realistic coverage and coat counts; and turn gallons or litres into a usable paint order. Free guide from Project Home Calc.",https://www.projecthomecalc.com/guides/exterior-house-painting-quantity,2026-10-12T20:00:00,"paint calculator, home improvement, diy"
How Much Paint Do You Need for a Room?,https://www.projecthomecalc.com/pinterest/how-much-paint-for-a-room-1000x1500.png,Paint & Wallpaper Calculators,,"Measure wall area correctly, choose coats and coverage, and convert that into US gallons or UK litres without short-ordering mid-wall. Free guide from Project Home Calc.",https://www.projecthomecalc.com/guides/how-much-paint-for-a-room,2026-10-12T21:00:00,"paint calculator, home improvement, diy"
How to Read a Paint Coverage Label,https://www.projecthomecalc.com/pinterest/how-to-read-a-paint-coverage-label-1000x1500.png,Paint & Wallpaper Calculators,,"Turn a paint label's spread rate, coat guidance, container size, and surface notes into a realistic room order in gallons or litres. Free guide from Project Home Calc.",https://www.projecthomecalc.com/guides/how-to-read-a-paint-coverage-label,2026-10-13T14:00:00,"paint calculator, home improvement, diy"
Interior Painting Cost: Materials vs Labour,https://www.projecthomecalc.com/pinterest/interior-painting-cost-breakdown-1000x1500.png,Paint & Wallpaper Calculators,,"Separate paint quantity from labour time, prep, and extras so an interior painting quote is easier to read. Free guide from Project Home Calc.",https://www.projecthomecalc.com/guides/interior-painting-cost-breakdown,2026-10-13T15:00:00,"paint calculator, home improvement, diy"
Paint Calculator - Free Online Tool,https://www.projecthomecalc.com/pinterest/paint-calculator-1000x1500.png,Paint & Wallpaper Calculators,,"Estimate how much paint a room needs, based on wall area and coats. Free calculator with formula on the page. US and UK units.",https://www.projecthomecalc.com/calculators/painting/paint-calculator,2026-10-13T20:00:00,"paint calculator, home improvement, diy"
Paint Cost Calculator - Free Online Tool,https://www.projecthomecalc.com/pinterest/paint-cost-calculator-1000x1500.png,Paint & Wallpaper Calculators,,Materials plus labour for painting a room's walls. Free calculator with formula on the page. US and UK units.,https://www.projecthomecalc.com/calculators/painting/paint-cost-calculator,2026-10-13T21:00:00,"paint calculator, home improvement, diy"
Wallpaper Calculator - Free Online Tool,https://www.projecthomecalc.com/pinterest/wallpaper-calculator-1000x1500.png,Paint & Wallpaper Calculators,,"Wallpaper roll count from room size, openings, and pattern match waste. Free calculator with formula on the page. US and UK units.",https://www.projecthomecalc.com/calculators/painting/wallpaper-calculator,2026-10-14T14:00:00,"paint calculator, wallpaper calculator, home improvement, diy"
Flooring Calculator - Free Online Tool,https://www.projecthomecalc.com/pinterest/flooring-calculator-1000x1500.png,Flooring & Tile Planning,,"Work out how many boxes of flooring to buy for a room, with waste included. Free calculator with formula on the page. US and UK units.",https://www.projecthomecalc.com/calculators/flooring/flooring-calculator,2026-10-14T15:00:00,"flooring calculator, home improvement, diy"
How Many Tiles for a Bathroom Floor?,https://www.projecthomecalc.com/pinterest/how-many-tiles-for-a-bathroom-floor-1000x1500.png,Flooring & Tile Planning,,"Measure a bathroom floor, pick a waste factor, and order boxes without a surplus pallet sitting in the garage. Free guide from Project Home Calc.",https://www.projecthomecalc.com/guides/how-many-tiles-for-a-bathroom-floor,2026-10-14T20:00:00,"tile calculator, home improvement, diy"
How to Estimate Flooring Materials With Waste Allowance,https://www.projecthomecalc.com/pinterest/how-to-estimate-flooring-with-waste-1000x1500.png,Flooring & Tile Planning,,"Measure rooms correctly, choose a waste percentage for layout and cuts, and avoid short-ordering plank or tile packs. Free guide from Project Home Calc.",https://www.projecthomecalc.com/guides/how-to-estimate-flooring-with-waste,2026-10-14T21:00:00,"flooring calculator, tile calculator, home improvement, diy"
Tile Calculator - Free Online Tool,https://www.projecthomecalc.com/pinterest/tile-calculator-1000x1500.png,Flooring & Tile Planning,,Tile count and box quantity from room area and tile size. Free calculator with formula on the page. US and UK units.,https://www.projecthomecalc.com/calculators/flooring/tile-calculator,2026-10-15T14:00:00,"flooring calculator, tile calculator, home improvement, diy"
How to Estimate Roofing Materials from the Ground,https://www.projecthomecalc.com/pinterest/how-to-estimate-roofing-materials-1000x1500.png,Roofing Estimates,,"Turn building footprint and pitch into roof squares, bundles, or tile packs - with waste - without pretending the result replaces a roofer's takeoff. Free guide from Project Home Calc.",https://www.projecthomecalc.com/guides/how-to-estimate-roofing-materials,2026-10-15T15:00:00,"roofing calculator, tile calculator, home improvement, diy"
How to Read a Roofing Square,https://www.projecthomecalc.com/pinterest/how-to-read-a-roofing-square-1000x1500.png,Roofing Estimates,,"Understand the 100-square-foot roofing square, convert roof measurements into material orders, and account for pitch, waste, ridges, and bundles. Free guide from Project Home Calc.",https://www.projecthomecalc.com/guides/how-to-read-a-roofing-square,2026-10-15T20:00:00,"roofing calculator, home improvement, diy"
Roofing Calculator - Free Online Tool,https://www.projecthomecalc.com/pinterest/roofing-calculator-1000x1500.png,Roofing Estimates,,"Estimate roof area, squares, and shingle bundles from a plan footprint and pitch. Free calculator with formula on the page. US and UK units.",https://www.projecthomecalc.com/calculators/roofing/roofing-calculator,2026-10-15T21:00:00,"roofing calculator, home improvement, diy"
Decking Calculator - Free Online Tool,https://www.projecthomecalc.com/pinterest/decking-calculator-1000x1500.png,Decking & Fence Projects,,Estimate how many deck boards you need for a given deck area. Free calculator with formula on the page. US and UK units.,https://www.projecthomecalc.com/calculators/deck-fence/decking-calculator,2026-10-16T14:00:00,"fence calculator, decking calculator, home improvement, diy"
Estimating Deck Joist Spacing: The Basics,https://www.projecthomecalc.com/pinterest/estimating-deck-joist-spacing-basics-1000x1500.png,Decking & Fence Projects,,"Understand how decking material, board direction, loads, spans, and local code affect joist spacing before preparing a framing takeoff. Free guide from Project Home Calc.",https://www.projecthomecalc.com/guides/estimating-deck-joist-spacing-basics,2026-10-16T15:00:00,"decking calculator, home improvement, diy"
Fence Calculator - Free Online Tool,https://www.projecthomecalc.com/pinterest/fence-calculator-1000x1500.png,Decking & Fence Projects,,"Panel, post, and rail counts for a straight fence run. Free calculator with formula on the page. US and UK units.",https://www.projecthomecalc.com/calculators/deck-fence/fence-calculator,2026-10-16T20:00:00,"fence calculator, home improvement, diy"
Fence Materials for a Straight Run,https://www.projecthomecalc.com/pinterest/fence-materials-for-a-straight-run-1000x1500.png,Decking & Fence Projects,,"Panels, posts, and rails from a single fence length - before you buy the wrong kit. Free guide from Project Home Calc.",https://www.projecthomecalc.com/guides/fence-materials-for-a-straight-run,2026-10-16T21:00:00,"fence calculator, home improvement, diy"
How to Estimate Decking Boards and Framing Basics,https://www.projecthomecalc.com/pinterest/how-to-estimate-decking-boards-1000x1500.png,Decking & Fence Projects,,"Turn deck length and width into board count with gap spacing, and know what the board calculator does not include. Free guide from Project Home Calc.",https://www.projecthomecalc.com/guides/how-to-estimate-decking-boards,2026-10-17T14:00:00,"decking calculator, home improvement, diy"
Drywall Calculator - Free Online Tool,https://www.projecthomecalc.com/pinterest/drywall-calculator-1000x1500.png,Home Renovation Budgeting,,"Work out how many plasterboard or drywall sheets a room needs, including the ceiling. Free calculator with formula on the page. US and UK units.",https://www.projecthomecalc.com/calculators/home-improvement/drywall-calculator,2026-10-17T15:00:00,"drywall calculator, home improvement, diy"
How Much Drywall Do You Need for a Room?,https://www.projecthomecalc.com/pinterest/how-much-drywall-for-a-room-1000x1500.png,DIY Measuring Tips,,"Wall and ceiling sheet counts, standard board sizes, and why openings and waste still matter on a simple rectangle. Free guide from Project Home Calc.",https://www.projecthomecalc.com/guides/how-much-drywall-for-a-room,2026-10-17T20:00:00,"drywall calculator, home improvement, diy"
How Much Drywall Mud and Tape Do You Need?,https://www.projecthomecalc.com/pinterest/how-much-drywall-mud-and-tape-1000x1500.png,DIY Measuring Tips,,"Estimate joint compound and tape from sheet count, seam layout, corners, finish level, and product type without treating every room alike. Free guide from Project Home Calc.",https://www.projecthomecalc.com/guides/how-much-drywall-mud-and-tape,2026-10-17T21:00:00,"drywall calculator, home improvement, diy"
How Much Insulation Do You Need for a Room?,https://www.projecthomecalc.com/pinterest/how-much-insulation-for-a-room-1000x1500.png,DIY Measuring Tips,,"Measure wall and ceiling cavities, choose the correct insulation width and R-value, and convert area into batts, rolls, or board packs. Free guide from Project Home Calc.",https://www.projecthomecalc.com/guides/how-much-insulation-for-a-room,2026-10-18T14:00:00,"insulation calculator, home improvement, diy"
How to Budget a Home Improvement Project,https://www.projecthomecalc.com/pinterest/planning-a-home-improvement-budget-1000x1500.png,Home Renovation Budgeting,,"Build a renovation budget from materials you can calculate, labour you can quote, and a contingency you refuse to spend on upgrades. Free guide from Project Home Calc.",https://www.projecthomecalc.com/guides/planning-a-home-improvement-budget,2026-10-18T15:00:00,"home improvement, diy"
How to Compare Contractor Quotes Side by Side,https://www.projecthomecalc.com/pinterest/how-to-compare-contractor-quotes-1000x1500.png,Home Renovation Budgeting,,"Line up materials vs labour, allowances, and exclusions - use your own quantity checks against lump sums. Free guide from Project Home Calc.",https://www.projecthomecalc.com/guides/how-to-compare-contractor-quotes,2026-10-18T20:00:00,"home improvement, diy"
"How to Measure a Room for Paint, Flooring, and Wallpaper",https://www.projecthomecalc.com/pinterest/how-to-measure-a-room-for-materials-1000x1500.png,Paint & Wallpaper Calculators,,"Practical tape-measure steps for walls vs floors, openings, L-shapes, ceiling height mistakes, and when a quick sketch saves a wrong order. Free guide from Project Home Calc.",https://www.projecthomecalc.com/guides/how-to-measure-a-room-for-materials,2026-10-18T21:00:00,"paint calculator, flooring calculator, wallpaper calculator, home improvement, diy"
Insulation Calculator - Free Online Tool,https://www.projecthomecalc.com/pinterest/insulation-calculator-1000x1500.png,Home Renovation Budgeting,,Batt roll count from wall or ceiling area. Free calculator with formula on the page. US and UK units.,https://www.projecthomecalc.com/calculators/home-improvement/insulation-calculator,2026-10-19T14:00:00,"insulation calculator, home improvement, diy"
Planning a Small Bathroom Refit Budget,https://www.projecthomecalc.com/pinterest/planning-a-small-bathroom-refit-budget-1000x1500.png,Home Renovation Budgeting,,"Sequence waterproofing, labour, and finishes so a small bathroom budget survives demolition surprises. Free guide from Project Home Calc.",https://www.projecthomecalc.com/guides/planning-a-small-bathroom-refit-budget,2026-10-19T15:00:00,"roofing calculator, home improvement, diy"
Project Cost Estimator - Free Online Tool,https://www.projecthomecalc.com/pinterest/cost-estimator-1000x1500.png,Home Renovation Budgeting,,"Roll materials, labor, delivery, waste, and optional markup into a planning total. Free calculator with formula on the page. US and UK units.",https://www.projecthomecalc.com/calculators/cost-estimation/cost-estimator,2026-10-19T20:00:00,"home improvement, diy"
US and UK Units on the Same Project,https://www.projecthomecalc.com/pinterest/us-uk-units-for-home-projects-1000x1500.png,Home Renovation Budgeting,,"Feet vs metres, gallons vs litres - keep one system per calculation so orders don't go wrong. Free guide from Project Home Calc.",https://www.projecthomecalc.com/guides/us-uk-units-for-home-projects,2026-10-19T21:00:00,"home improvement, diy"
Waste Factors Explained for DIY Material Orders,https://www.projecthomecalc.com/pinterest/waste-factors-explained-1000x1500.png,Home Renovation Budgeting,,"Why calculators add waste, typical ranges by material, and how to avoid both short orders and expensive overbuying. Free guide from Project Home Calc.",https://www.projecthomecalc.com/guides/waste-factors-explained,2026-10-20T14:00:00,"diy, home improvement"
